Workbook

Sheet Matriz Ckeck LIst
C3: MATRIZ PARA COMPROBACIÓN REQUERIMIENTOS DE CALIDAD DE PROYECTO ACADEMICO
D5: SISTEMA: | E5: SISTEMA DE INSCRIPCIÓN DE CURSOS (SIC)
F6: Requerimientos Funcionales
B7: Nº | C7: CRITERIOS DE CALIDAD (Documento/Requerimientos) | E7: Status Nivel de Acuerdo | F7: CU-01 Acceder al sistema | G7: Status Nivel de Acuerdo | H7: 100 | I7: CU - 02 Gestionar perfiles | J7: Status Nivel de Acuerdo | K7: CU - 03 Gestionar Docentes
H8: 0
B9: 1 | C9: Agreed | E9: OK | F9: 1. Minutas de entrevistas al departamento de TICS y jefe académico. 2. Audios de entrevistas al departamento de TICS y jefe académico. | G9: OK | H9: 1 | I9: 1. Audio de la entrevista 2. Minuta de la entrevista 3. Aceptación del prototipo no funcional mediante videoconferencia | J9: OK | K9: 1. Entrevista presencial. 2. Audio entrevista. 3. Minuta de la entrevista.
B10: 2 | C10: Ranked | E10: OK | F10: 1. Los requisitos asociados tienen prioridad definida mediante la técnica MoSCoW. 2. Clasificación "Must have" para Iniciar sesión (RF-04) y Cambiar contraseña (RF-05). 3.Clasificación "Should have" para Recuperar contraseña (RF-27) | G10: OK | I10: 1.En la descripción del caso de uso se establece la prioridad Must have según la matriz MoSCoW. | J10: OK | K10: 1. Los requisitos asociados al CU-03 tienen su prioridad definida como Must have mediante MoSCoW.
B11: 3 | C11: Unambiguos | E11: OK | F11: 1. La descripción del caso de uso utiliza lenguaje claro. 2. Se especifican actores, flujo, excepciones y criterios de aceptación. | G11: OK | I11: 1. Redacción en lenguaje claro. 2. El equipo interpretan de igual manera el caso de uso | J11: OK | K11: 1. La descripción del CU-03 utiliza lenguaje claro. 2. Se especifica el actor y las funciones que puede realizar.
B12: 4 | C12: Valid and up-to date | E12: OK | F12: 1. Toda nueva información ha sido incorporada, se han incorporado los últimos cambios pedidos luego del feedback realizado por el cliente | G12: OK | I12: 1. Se han incorporado los últimos cambios pedidos luego del feedback realizado por el cliente | J12: OK | K12: 1. Se han incorporado los últimos cambios cambios tras el feedback realizado por el cliente
B13: 5 | C13: Correct | E13: OK | F13: 1. Está alineado con los objetivos del sistema. 2. Refleja lo que realmente necesita el cliente. | G13: OK | I13: 1. Está alineado con los objetivos del sistema. 2. Refleja lo que realmente necesita el cliente. | J13: OK | K13: 1. Está alineado con los objetivos del sistema. 2. Refleja lo que realmente necesita el cliente.
B14: 6 | C14: Consisten | E14: OK | F14: 1. Documentación basada en modelos: Diagrama de Casos de Uso 2. Usa términos definidos previamente, considerando acrónimos y abreviaturas. 3. Ausencia de contradicciones entre las condiciones del flujo principal y los criterios de aceptación. | G14: OK | I14: 1. Documentación basada en modelos: Diagrama de Casos de Uso 2. Usa términos definidos previamente. 3. Palabras repetitivas. | J14: OK | K14: 1. Documentación basada en modelos: Diagrama de Casos de Uso 2. Usa términos definidos previamente considerarndo acrónimos y abreviaturas.
B15: 7 | C15: Verifiable | E15: NOK | F15: 1. Criterios de aceptación cuantificables y probables para cada requisito funcional. 2. Falta Casos de Prueba | G15: NOK | I15: 1. Requisito Medible 2. Falta Casos de Prueba | J15: NOK | K15: 1. Requisito Medible 2. Falta Casos de Prueba
B16: 8 | C16: Realizable | E16: NOK | F16: 1. Funcionalidad tomada en cuenta dentro de la estimación del costo del proyecto (120.42$) 2. No se ha desarrollado | G16: NOK | I16: 1. Funcionalidad tomada en cuenta dentro de la estimación del costo del proyecto (120.42$) 2. No se ha desarrollado | J16: NOK | K16: 1. Funcionalidad tomada en cuenta dentro de la estimación del costo del proyecto (120.42$) 2. No se ha desarrollado
B17: 9 | C17: Traceable | E17: OK | F17: 1. Existe relación entre CU-01 y los requisitos funcionales de acceso, recuperación y cambio de contraseña. 2. Los requisitos cuentan con códigos y criterios de aceptación. | G17: OK | I17: 1. Es claro el origen del requisito y sus relaciones con otros requisitos (Se tiene los criterios de aceptacion para desarrollar la matriz de trazabilidad cliente/casos de uso y casos de uso/casos de uso) 2. Cuenta con un identificador único | J17: OK | K17: 1. CU-03 tiene relación con los requisitos funcionales de registrar, consultar, actualizar información y eliminar. 2. Los requisitos cuentan con identificadores únicos y criterios de aceptación.
B18: 10 | C18: Complete | E18: OK | F18: 1. Contiene toda la información necesaria (entradas, salidas, flujos, precondiciones, postcondiciones) para entender y diseñar la función. 2. Describe completamente la funcionalidad esperada. | G18: OK | I18: 1. Contiene toda la información necesaria (entradas, salidas, precondiciones, postcondiciones) para entender y diseñar la función. 2. Describe completamente la funcionalidad esperada. | J18: OK | K18: 1. Contiene toda la información necesaria (entradas, salidas, precondiciones, postcondiciones) para entender y diseñar la función. 2. Describe completamente la funcionalidad esperada.
B19: 11 | C19: Understandability | E19: NOK | F19: 1. Se involucra al cliente 2. La información está organizada de forma estructurada. 3. Se utilizan términos definidos en el SRS. 4. No existe un glosario de términos definido | G19: NOK | I19: 1. Se involucra al cliente 3. Se utilizan términos definidos en el SRS. 4. No existe un glosario de términos definido | J19: NOK | K19: 1. Se involucra al cliente 2.La información está organizada y utiliza terminología relacionada con la gestión académica de docentes. 3. No existe un glosario de términos definido.

Sheet MODELO LISTA DE COMPROBACION - 
B1: SISTEMA: | C1: SISTEMA DE INSCRIPCIÓN DE CURSOS (SIC)
B2: FECHA: | C2: 46305
B3: AUTOR: | C3: Andrés Cárdenas
B4: REQUERIMIENTOS EVALUADOS : | C4: CU-01 Acceder al sistema
A6: CONTENIDO
A7: No. | B7: Pregunta | C7: SI | D7: NO
A8: 1 | B8: Todos los requerimientos relevantes se han documentado? | C8: X
A9: 2 | B9: Se han implementado las funciones requeridas? | D9: X
A10: 3 | B10: Existe algún mecanismo que permita seguir el impacto de dicho requerimiento a lo largo del resto de las actividades del ciclo productivo.? | C10: X
A11: 4 | B11: El origen de cada requerimento individual está claro ? | C11: X
A12: 5 | B12: Que tan facil es devolverse a los requerimientos? | C12: X
A13: 6 | B13: Los requerimientos reflejan las necesidades y deseos del cliente? | C13: X
A14: 7 | B14: No hay contradicciones entre los requerimientos? | C14: X
A15: 8 | B15: El requerimiento que se esta especificando contribuye a alcanzar un objetivo definido ? | C15: X
A16: 9 | B16: Existe un proceso acotado (en plazo y presupuesto) que permita determinar que el sistema construido satisface lo descrito en el propio requerimiento? | D16: X
A17: SUMATORIA: | C17: =COUNTA('MODELO LISTA DE COMPROBACION - '!$C$8:$C$16) -> 7 | D17: =COUNTA('MODELO LISTA DE COMPROBACION - '!$D$8:$D$16) -> 2
A18: PORCENTAJE : | C18: =C17/9 -> 0.77777778 | D18: =D17/9 -> 0.22222222
A20: DOCUMENTACIÓN
A21: No. | B21: Pregunta | C21: SI | D21: NO
A22: 1 | B22: Aplica un estandar para la documetación de requerimiento? | C22: X
A23: 2 | B23: Cumple con la estructura definida por el estandar? | C23: X
A24: 3 | B24: Utiliza un Glosario de términos normalizado? | D24: X
A25: 4 | B25: Los requerimientos Funcionales estan sujetos a una única interpretación? | C25: X
A26: 5 | B26: El modelo aplicado cumple con la sintaxis? | C26: X
A27: SUMATORIA: | C27: =COUNTA('MODELO LISTA DE COMPROBACION - '!$C$22:$C$26) -> 4 | D27: =COUNTA('MODELO LISTA DE COMPROBACION - '!$D$22:$D$26) -> 1
A28: PORCENTAJE : | C28: =C27/5 -> 0.8 | D28: =D27/5 -> 0.2
A30: NIVEL DE ACUERDO
A31: No. | B31: Pregunta | C31: SI | D31: NO
A32: 1 | B32: Todos los requerimientos han sido acordados con todos los interesados? | C32: x
A33: 2 | B33: Todos los requerimientos modificados han sido acordados por todos los implicados? | C33: x
A34: 3 | B34: Han sido resueltos todos los conflictos conocidos respectos de los requerimientos? | C34: X
A35: SUMATORIA: | C35: =COUNTA('MODELO LISTA DE COMPROBACION - '!$C$32:$C$34) -> 3 | D35: =COUNTA('MODELO LISTA DE COMPROBACION - '!$D$32:$D$34) -> 0
A36: PORCENTAJE : | C36: =C35/3 -> 1 | D36: =D35/3 -> 0
A40: RESUMEN
B41: CONTENIDO | C41: =C18 -> 0.77777778
B42: DOCUMENTACIÓN | C42: =C28 -> 0.8
B43: NIVEL DE ACUERDO | C43: =C36 -> 1

Sheet MODELO LISTA DE COMPROBACIÓN - 
B1: SISTEMA: | C1: SISTEMA DE INSCRIPCIÓN DE CURSOS (SIC)
B2: FECHA: | C2: 46296
B3: AUTOR: | C3: Camila Bohorquez
B4: REQUERIMIENTOS EVALUADOS : | C4: CU002. Gestionar Perfiles
A6: CONTENIDO
A7: No. | B7: Pregunta | C7: SI | D7: NO
A8: 1 | B8: Todos los requerimientos relevantes se han documentado? | C8: X
A9: 2 | B9: Se han implementado las funciones requeridas? | C9: X
A10: 3 | B10: Existe algún mecanismo que permita seguir el impacto de dicho requerimiento a lo largo del resto de las actividades del ciclo productivo.? | C10: X
A11: 4 | B11: El origen de cada requerimento individual está claro ? | C11: X
A12: 5 | B12: Que tan facil es devolverse a los requerimientos? | C12: X
A13: 6 | B13: Los requerimientos reflejan las necesidades y deseos del cliente? | C13: X
A14: 7 | B14: No hay contradicciones entre los requerimientos? | D14: X
A15: 8 | B15: El requerimiento que se esta especificando contribuye a alcanzar un objetivo definido ? | C15: X
A16: 9 | B16: Existe un proceso acotado (en plazo y presupuesto) que permita determinar que el sistema construido satisface lo descrito en el propio requerimiento? | D16: X
A17: SUMATORIA: | C17: =COUNTA('MODELO LISTA DE COMPROBACIÓN - '!$C$8:$C$16) -> 7 | D17: =COUNTA('MODELO LISTA DE COMPROBACIÓN - '!$D$8:$D$16) -> 2
A18: PORCENTAJE : | C18: =C17/9 -> 0.77777778 | D18: =D17/9 -> 0.22222222
A20: DOCUMENTACIÓN
A21: No. | B21: Pregunta | C21: SI | D21: NO
A22: 1 | B22: Aplica un estandar para la documetación de requerimiento? | C22: X
A23: 2 | B23: Cumple con la estructura definida por el estandar? | C23: X
A24: 3 | B24: Utiliza un Glosario de términos normalizado? | D24: X
A25: 4 | B25: Los requerimientos Funcionales estan sujetos a una única interpretación? | C25: X
A26: 5 | B26: El modelo aplicado cumple con la sintaxis? | C26: X
A27: SUMATORIA: | C27: =COUNTA('MODELO LISTA DE COMPROBACIÓN - '!$C$22:$C$26) -> 4 | D27: =COUNTA('MODELO LISTA DE COMPROBACIÓN - '!$D$22:$D$26) -> 1
A28: PORCENTAJE : | C28: =C27/5 -> 0.8 | D28: =D27/5 -> 0.2
A30: NIVEL DE ACUERDO
A31: No. | B31: Pregunta | C31: SI | D31: NO
A32: 1 | B32: Todos los requerimientos han sido acordados con todos los interesados? | C32: x
A33: 2 | B33: Todos los requerimientos modificados han sido acordados por todos los implicados? | C33: x
A34: 3 | B34: Han sido resueltos todos los conflictos conocidos respectos de los requerimientos? | C34: X
A35: SUMATORIA: | C35: =COUNTA('MODELO LISTA DE COMPROBACIÓN - '!$C$32:$C$34) -> 3 | D35: =COUNTA('MODELO LISTA DE COMPROBACIÓN - '!$D$32:$D$34) -> 0
A36: PORCENTAJE : | C36: =C35/3 -> 1 | D36: =D35/3 -> 0
A40: RESUMEN
B41: CONTENIDO | C41: 78
B42: DOCUMENTACIÓN | C42: 80
B43: NIVEL DE ACUERDO | C43: 100

Sheet MODELO DE LISTA DE COMPROBACION
B1: SISTEMA: | C1: SISTEMA DE INSCRIPCIÓN DE CURSOS (SIC)
B2: FECHA: | C2: 46299
B3: AUTOR: | C3: Daniel Benalcázar
B4: REQUERIMIENTOS EVALUADOS : | C4: CU003 Gestionar Docentes
A6: CONTENIDO
A7: No. | B7: Pregunta | C7: SI | D7: NO
A8: 1 | B8: Todos los requerimientos relevantes se han documentado? | C8: X
A9: 2 | B9: Se han implementado las funciones requeridas? | C9: X
A10: 3 | B10: Existe algún mecanismo que permita seguir el impacto de dicho requerimiento a lo largo del resto de las actividades del ciclo productivo.? | C10: X
A11: 4 | B11: El origen de cada requerimento individual está claro ? | C11: X
A12: 5 | B12: Que tan facil es devolverse a los requerimientos? | C12: X
A13: 6 | B13: Los requerimientos reflejan las necesidades y deseos del cliente? | C13: X
A14: 7 | B14: No hay contradicciones entre los requerimientos? | D14: X
A15: 8 | B15: El requerimiento que se esta especificando contribuye a alcanzar un objetivo definido ? | C15: X
A16: 9 | B16: Existe un proceso acotado (en plazo y presupuesto) que permita determinar que el sistema construido satisface lo descrito en el propio requerimiento? | D16: X
A17: SUMATORIA: | C17: =COUNTA('MODELO DE LISTA DE COMPROBACION'!$C$8:$C$16) -> 7 | D17: =COUNTA('MODELO DE LISTA DE COMPROBACION'!$D$8:$D$16) -> 2
A18: PORCENTAJE : | C18: =C17/9 -> 0.77777778 | D18: =D17/9 -> 0.22222222
A20: DOCUMENTACIÓN
A21: No. | B21: Pregunta | C21: SI | D21: NO
A22: 1 | B22: Aplica un estandar para la documetación de requerimiento? | C22: X
A23: 2 | B23: Cumple con la estructura definida por el estandar? | C23: X
A24: 3 | B24: Utiliza un Glosario de términos normalizado? | D24: X
A25: 4 | B25: Los requerimientos Funcionales estan sujetos a una única interpretación? | C25: X
A26: 5 | B26: El modelo aplicado cumple con la sintaxis? | C26: X
A27: SUMATORIA: | C27: =COUNTA('MODELO DE LISTA DE COMPROBACION'!$C$22:$C$26) -> 4 | D27: =COUNTA('MODELO DE LISTA DE COMPROBACION'!$D$22:$D$26) -> 1
A28: PORCENTAJE : | C28: =C27/5 -> 0.8 | D28: =D27/5 -> 0.2
A30: NIVEL DE ACUERDO
A31: No. | B31: Pregunta | C31: SI | D31: NO
A32: 1 | B32: Todos los requerimientos han sido acordados con todos los interesados? | C32: x
A33: 2 | B33: Todos los requerimientos modificados han sido acordados por todos los implicados? | C33: x
A34: 3 | B34: Han sido resueltos todos los conflictos conocidos respectos de los requerimientos? | C34: X
A35: SUMATORIA: | C35: =COUNTA('MODELO DE LISTA DE COMPROBACION'!$C$32:$C$34) -> 3 | D35: =COUNTA('MODELO DE LISTA DE COMPROBACION'!$D$32:$D$34) -> 0
A36: PORCENTAJE : | C36: =C35/3 -> 1 | D36: =D35/3 -> 0
A40: RESUMEN
B41: CONTENIDO | C41: 78
B42: DOCUMENTACIÓN | C42: 80
B43: NIVEL DE ACUERDO | C43: 100

Sheet RECOMENDACIONES - CU-01
A1: PREGUNTA | B1: RECOMENDACIÓN
A2: ¿Se ha incorporado los cambios sugeridos por el tutor o el cliente? | B2: Se recomienda incorporar al inicio del documento una Tabla de Control de Versiones y sección o requisito del SRS modificado.
A3: ¿Se mantiene la coherencia con otros requisitos del sistema y utiliza términos o definiciones de forma uniforme a lo largo del documento? | B3: El Caso de Uso mantiene coherencia con los requisitos funcionales establecidos, sin embargo, se recomienda integrar un glosario de términos para mantener la misma definición de términos en el documento.
A4: ¿Se han definido casos de prueba que permitan verificar, de manera objetiva y medible, el cumplimiento del requisito? | B4: Se recomienda elaborar una matriz de casos de prueba derivada directamente de los criterios de aceptación y flujos documentados en el SRS.
A5: ¿Todos los requerimientos han sido acordados con todos los interesados? | B5: Se recomienda formalizar una fase de revisión y validación conjunta con todos los actores identificados, incorporar un acta o sección de aprobación formal y cerrar las reglas de negocio pendientes antes de congelar la línea base del alcance.

Sheet RECOMENDACIONES - CU-02
A1: PREGUNTA | B1: RECOMENDACIÓN
A2: ¿Se ha incorporado los cambios sugeridos por el tutor o el cliente? | B2: Se recomienda verificar que todos los cambios sugeridos por el tutor o cliente hayan sido incorporados en el CU-02, especialmente los relacionados con la gestión de perfiles y usuarios.
A3: ¿Se mantiene la coherencia con otros requisitos del sistema y utiliza términos o definiciones de forma uniforme a lo largo del documento? | B3: El CU-02 mantiene relación con los demás requisitos y utiliza los términos de manera uniforme. Se recomienda incorporar un glosario de términos que mantenga las mismas definiciones a lo largo del documento.
A4: ¿Se han definido criterios de aceptación y casos de prueba que permitan medir objetivamente el cumplimiento del requisito? | B4: Elaborar una lista de Criterios de Aceptación en formato Given-When-Then, asociada a pruebas unitarias o de aceptación automatizadas, de modo que cada criterio quede cubierto por al menos un caso de prueba.
A5: ¿Todos los requerimientos han sido acordados con todos los interesados? | B5: Se recomienda realizar sesiones de validación y consenso con todos los interesados clave antes de cerrar la especificación de requerimientos, esto asegurará que los requerimientos reflejen las necesidades puntuales.

Sheet RECOMENDACIONES - CU-03
A1: PREGUNTA | B1: RECOMENDACIÓN
A2: ¿Se ha incorporado los cambios sugeridos por el tutor o el cliente? | B2: Se recomienda incorporar al inicio del documento una Tabla de Control de Versiones (número de versión, fecha, autor y descripción del cambio) y adjuntar una Matriz de Atención a Observaciones donde se clasifique cada comentario del tutor/cliente (ID de observación, descripción, estado: Incorporada / Justificada / Rechazada, y sección o requisito del SRS modificado).
A3: ¿Se mantiene la coherencia con otros requisitos del sistema y utiliza términos o definiciones de forma uniforme a lo largo del documento? | B3: El CU-03 mantiene coherencia con los requisitos funcionales establecidos, sin embargo, se recomienda integrar un glosario de términos para mantener la misma definición de términos en el documento.
A4: ¿Se han definido casos de prueba que permitan verificar, de manera objetiva y medible, el cumplimiento del requisito? | B4: Se recomienda elaborar una matriz de casos de prueba derivada directamente de los criterios de aceptación y flujos alternativos documentados en el SR, asegurando la trazabilidad bidireccional entre cada requisito (RF/RNF) y sus respectivos casos de prueba unitarios, de integración y de sistema.
A5: ¿Todos los requerimientos han sido acordados con todos los interesados? | B5: Se recomienda formalizar una fase de revisión y validación conjunta con todos los actores identificados, incorporar un acta o sección de aprobación formal y cerrar las reglas de negocio pendientes antes de congelar la línea base del alcance.
